Workbook

Sheet Summary
A1: PlateMaps — Landini's Pizzeria (Spot №002)
A2: Every number the restaurant page shows, and the inputs behind it.
A3: Blue = raw input. Green = pulled from another sheet. Black = formula.
A5: SOURCED RATING (Yelp + Google)
A6: Rating (1-5) | B6: 4.1 | C6: Review-count-weighted mean of Yelp and Google. scripts/blend-ratings.mjs
A7: Reviews behind it | B7: 1966 | C7: Combined count from both sources
A9: PLATEMAPS PLATE SCORE
A10: Plate score (%) | B10: ='Plate score'!B15 | C10: Confidence-weighted mean of the dish averages
A11: Rated plates | B11: =COUNT('Plate score'!C5:C12) | C11: Floor is 3 — below it no percent is shown
A12: Dish ratings | B12: =SUM('Plate score'!C5:C12) | C12: Floor is 8
A14: MODEL CONSTANTS
A15: Plate CONFIDENCE_K | B15: 3 | C15: src/lib/plateScore.ts — a plate's weight is n/(n+K)
A16: Category CONFIDENCE_K | B16: 5 | C16: src/lib/aspectScores.ts — damping on small samples
A17: SPREAD | B17: 1.5 | C17: Rating points per full unit of centred net
A18: Scale min / max | B18: 1 / 5 | C18: Categories report on the same scale as the sourced rating

Sheet Raw ratings
A1: Every individual dish rating — 36 rows, one per rating
A2: This is the source data. Everything on 'Plate score' is computed from it.
A4: # | B4: Dish | C4: Rating (0-100)
A5: 1 | B5: Sopranos Pizza | C5: 96
A6: 2 | B6: Sopranos Pizza | C6: 94
A7: 3 | B7: Sopranos Pizza | C7: 92
A8: 4 | B8: Sopranos Pizza | C8: 97
A9: 5 | B9: Sopranos Pizza | C9: 90
A10: 6 | B10: Sopranos Pizza | C10: 95
A11: 7 | B11: Sopranos Pizza | C11: 93
A12: 8 | B12: Sopranos Pizza | C12: 98
A13: 9 | B13: Sopranos Pizza | C13: 91
A14: 10 | B14: Meatball Ricotta Marinara Pizza | C14: 95
A15: 11 | B15: Meatball Ricotta Marinara Pizza | C15: 92
A16: 12 | B16: Meatball Ricotta Marinara Pizza | C16: 90
... A40: 36 | B40: Hawaiian Pizza | C40: 55
B42: Total ratings | C42: =COUNT(C5:C40)

Sheet Plate score
A1: Stage 1 — the plates become the restaurant's percent
A2: weight = n / (n + K). A thinly-rated plate counts, just quietly.
A3: percent = SUM(avg x weight) / SUM(weight)
A4: Dish | B4: Price | C4: Ratings (n) | D4: Average | E4: Weight n/(n+3) | F4: Average x Weight
A5: Sopranos Pizza | B5: $26.50 | C5: =COUNTIF('Raw ratings'!$B$5:$B$40,A5) | D5: =AVERAGEIF('Raw ratings'!$B$5:$B$40,A5,'Raw ratings'!$C$5:$C$40) | E5: =C5/(C5+Summary!$B$15) | F5: =D5*E5
A6: Meatball Ricotta Marinara Pizza | B6: $26.50 | C6: =COUNTIF('Raw ratings'!$B$5:$B$40,A6) | D6: =AVERAGEIF('Raw ratings'!$B$5:$B$40,A6,'Raw ratings'!$C$5:$C$40) | E6: =C6/(C6+Summary!$B$15) | F6: =D6*E6
A7: Tartufi Pizza | B7: $24.50 | C7: =COUNTIF('Raw ratings'!$B$5:$B$40,A7) | D7: =AVERAGEIF('Raw ratings'!$B$5:$B$40,A7,'Raw ratings'!$C$5:$C$40) | E7: =C7/(C7+Summary!$B$15) | F7: =D7*E7
A8: Calzone | B8: $14.50 | C8: =COUNTIF('Raw ratings'!$B$5:$B$40,A8) | D8: =AVERAGEIF('Raw ratings'!$B$5:$B$40,A8,'Raw ratings'!$C$5:$C$40) | E8: =C8/(C8+Summary!$B$15) | F8: =D8*E8
A9: Pasta Carbonara | B9: $15.50 | C9: =COUNTIF('Raw ratings'!$B$5:$B$40,A9) | D9: =AVERAGEIF('Raw ratings'!$B$5:$B$40,A9,'Raw ratings'!$C$5:$C$40) | E9: =C9/(C9+Summary!$B$15) | F9: =D9*E9
A10: Chicken Wings | B10: $11.50 | C10: =COUNTIF('Raw ratings'!$B$5:$B$40,A10) | D10: =AVERAGEIF('Raw ratings'!$B$5:$B$40,A10,'Raw ratings'!$C$5:$C$40) | E10: =C10/(C10+Summary!$B$15) | F10: =D10*E10
A11: Greek Salad | B11: $10.50 | C11: =COUNTIF('Raw ratings'!$B$5:$B$40,A11) | D11: =AVERAGEIF('Raw ratings'!$B$5:$B$40,A11,'Raw ratings'!$C$5:$C$40) | E11: =C11/(C11+Summary!$B$15) | F11: =D11*E11
A12: Hawaiian Pizza | B12: $26.50 | C12: =COUNTIF('Raw ratings'!$B$5:$B$40,A12) | D12: =AVERAGEIF('Raw ratings'!$B$5:$B$40,A12,'Raw ratings'!$C$5:$C$40) | E12: =C12/(C12+Summary!$B$15) | F12: =D12*E12
A13: Totals | C13: =SUM(C5:C12) | E13: =SUM(E5:E12) | F13: =SUM(F5:F12)
A15: PLATE SCORE | B15: =F13/E13 | C15: <- SUM(avg x weight) / SUM(weight)
A17: For comparison — what the weighting changes
A18: Plain mean of the 8 dish averages | B18: =AVERAGE(D5:D12) | C18: Ignores sample size — a 2-rating plate counts as much as a 9-rating one
A19: Flat mean of all 36 ratings | B19: =AVERAGE('Raw ratings'!C5:C40) | C19: Lets the most-rated plate dominate

Sheet Categories
A1: Stage 2 — categories spaced around the SOURCED rating
A2: Base is the Yelp/Google rating (4.1), not the plate score. The votes set the spacing only.
A3: net = (praise - fault)/reviews dev = net - mean(net) score = base + dev x conf x SPREAD x fit
A5: Reviews that could have voted | B5: 36 | C5: Rated posts at this restaurant
A6: Confidence = reviews/(reviews+5) | B6: =B5/(B5+Summary!$B$16)
A7: Base (sourced rating) | B7: =Summary!$B$6
A9: Category | B9: Praised | C9: Faulted | D9: net | E9: dev (centred) | F9: raw = dev x conf x SPREAD | G9: RATING /5 | H9: vs base
A10: Service | B10: 11 | C10: 0 | D10: =(B10-C10)/$B$5 | E10: =D10-$D$15 | F10: =E10*$B$6*Summary!$B$17 | G10: =$B$7+F10*$B$21 | H10: =G10-$B$7
A11: Ambiance | B11: 7 | C11: 0 | D11: =(B11-C11)/$B$5 | E11: =D11-$D$15 | F11: =E11*$B$6*Summary!$B$17 | G11: =$B$7+F11*$B$21 | H11: =G11-$B$7
A12: Drinks | B12: 4 | C12: 0 | D12: =(B12-C12)/$B$5 | E12: =D12-$D$15 | F12: =E12*$B$6*Summary!$B$17 | G12: =$B$7+F12*$B$21 | H12: =G12-$B$7
A13: Menu variety | B13: 0 | C13: 4 | D13: =(B13-C13)/$B$5 | E13: =D13-$D$15 | F13: =E13*$B$6*Summary!$B$17 | G13: =$B$7+F13*$B$21 | H13: =G13-$B$7
A14: Value | B14: 3 | C14: 6 | D14: =(B14-C14)/$B$5 | E14: =D14-$D$15 | F14: =E14*$B$6*Summary!$B$17 | G14: =$B$7+F14*$B$21 | H14: =G14-$B$7
A15: mean(net) | D15: =AVERAGE(D10:D14) | E15: =SUM(E10:E14) | F15: <- deviations sum to zero, which is what preserves the mean
A17: FIT — keeps the row inside 1-5 without breaking the mean
A18: Headroom (5 - base) | B18: =5-$B$7
A19: Legroom (base - 1) | B19: =$B$7-1
A20: Largest raw up / down | B20: =MAX(0,MAX(F10:F14)) | C20: =MIN(0,MIN(F10:F14))
A21: fit (scales every deviation equally) | B21: =MIN(1,IF(B20>0,B18/B20,1),IF(C20<0,B19/-C20,1)) | D21: Uniform, never a clamp — a clamp would break the mean
A23: THE CHECK
A24: Mean of the 5 category ratings | B24: =AVERAGE(G10:G14)
A25: Restaurant's sourced rating | B25: =$B$7
A26: Difference | B26: =B24-B25 | C26: Must be zero. That is the whole property of the model.
